global index,USAF,WBAN,STATION NAME,CTRY,STATE,ICAO,LAT,LON,ELEV(M),BEGIN,END
14480,690150,93121,TWENTY NINE PALMS,US,CA,KNXP,34.3,-116.167,625.1,19900102,20201227
15092,700260,27502,W POST-WILL ROGERS MEMORIAL AIRPORT,US,AK,PABR,71.283,-156.782,9.5,19450101,20201227
15096,700300,27503,WAINWRIGHT AIRPORT,US,AK,PAWI,70.639,-159.995,9.1,19991102,20201226
15114,700637,27406,DEADHORSE AIRPORT,US,AK,PASC,70.192,-148.477,18.6,19730101,20201227
15115,700638,99999,FALSE PASS,US,AK,PAKF,54.85,-163.417,6.0,19730101,20201026
15117,700860,27401,BARTER ISLAND AIRPORT,US,AK,PABA,70.134,-143.577,0.6,19471001,20201227
15137,701190,99999,PORT CLARENCE CGS,US,AK,PAPC,65.254,-166.859,3.0,19730101,20201222
15147,701330,26616,RALPH WIEN MEMORIAL AIRPORT,US,AK,PAOT,66.867,-162.633,9.1,19730101,20201227
15149,701333,26643,DEERING AIRPORT,US,AK,PADE,66.069,-162.764,6.4,19990102,20201126
15168,701740,26533,BETTLES AIRPORT,US,AK,PABT,66.918,-151.519,193.2,19450101,20201227
15174,701748,99999,PROSPECT CREEK AIRPORT,US,AK,PAPR,66.817,-150.65,335.0,19730825,20201222
15176,701780,26529,RALPH M CALHOUN MEML ARPT,US,AK,PATA,65.175,-152.107,67.7,19430601,20201227
15182,701940,26413,FORT YUKON AIRPORT,US,AK,PFYU,66.567,-145.267,135.6,19730101,20201227
15191,702000,26617,NOME AIRPORT,US,AK,PAOM,64.511,-165.44,4.0,19400101,20201227
15200,702040,26703,GAMBELL AIRPORT,US,AK,PAGM,63.767,-171.733,8.5,19870603,20201227
15203,702070,26627,UNALAKLEET AIRPORT,US,AK,PAUN,63.883,-160.8,5.5,19430601,20201227
15219,702190,26615,BETHEL AIRPORT,US,AK,PABE,60.785,-161.829,31.1,19450101,20201227
15220,702195,99999,NAPAKIAK,US,AK,PANA,60.683,-161.983,5.2,19940830,20201105
15227,702310,26510,MCGRATH AIRPORT,US,AK,PAMC,62.957,-155.61,101.5,19730101,20201227
15233,702320,26516,ANIAK AIRPORT,US,AK,PANI,61.582,-159.543,25.9,19730101,20201227
15239,702460,26512,MINCHUMINA,US,AK,PAMH,63.886,-152.302,206.7,19730101,20201227
15247,702510,26528,TALKEETNA AIRPORT,US,AK,PATK,62.32,-150.095,106.7,19730101,20201227
15251,702590,26523,KENAI MUNICIPAL AIRPORT,US,AK,PAEN,60.58,-151.239,27.7,19730101,20201227
15254,702600,26435,NENANA MUNICIPAL AIRPORT,US,AK,PANN,64.55,-149.072,109.7,19430706,20201227
15261,702610,26411,FAIRBANKS INTERNATIONAL,US,AK,PAFA,64.804,-147.876,131.7,19460101,20201227
15284,702670,26415,ALLEN ARMY AIRFIELD,US,AK,PABI,63.994,-145.721,389.2,19451015,20201227
15301,702710,26425,GULKANA AIRPORT,US,AK,PAGK,62.159,-145.459,476.1,19450101,20201227
15313,702730,26451,TED STEVENS ANCHORAGE INTL,US,AK,PANC,61.169,-150.028,36.6,19730101,20201227
15314,702735,26409,MERRILL FIELD AIRPORT,US,AK,PAMR,61.217,-149.855,42.1,19450101,20201227
15317,702740,25331,PALMER MUNICIPAL AIRPORT,US,AK,PAAQ,61.596,-149.092,70.1,19990101,20201227
15338,702910,26412,NORTHWAY AIRPORT,US,AK,PAOR,62.962,-141.988,522.1,19450101,20201227
15345,702960,26410,M.K.(MUDHOLE) SMITH ARPT,US,AK,PACV,60.489,-145.451,9.5,19420611,20201227
15373,703080,25713,ST PAUL ISLAND AIRPORT,US,AK,PASN,57.155,-170.222,10.7,19431105,20201017
15374,703160,25624,COLD BAY AIRPORT,US,AK,PACD,55.221,-162.732,23.8,19420304,20201227
15379,703260,25503,KING SALMON AIRPORT,US,AK,PAKN,58.683,-156.656,20.4,19420110,20201227
15387,703335,99999,SOUTH NAKNEK ARPT,US,AK,PFWS,58.7,-157.0,49.4,19940818,20200924
15388,703400,25506,ILIAMNA AIRPORT,US,AK,PAIL,59.749,-154.909,43.6,19730101,20201227
15393,703410,25507,HOMER AIRPORT,US,AK,PAHO,59.642,-151.491,19.5,19730101,20201227
15394,703430,25402,MIDDLETON ISLAND METEOROLOGY RADAR SITE,US,AK,PAMD,59.433,-146.333,30.5,19450101,20201227
15398,703500,25501,KODIAK AIRPORT,US,AK,PADQ,57.751,-152.486,24.4,19450101,20201227
15406,703610,25339,YAKUTAT AIRPORT,US,AK,PAYA,59.512,-139.671,10.1,19410501,20201227
15408,703620,25335,SKAGWAY AIRPORT,US,AK,PAGY,59.456,-135.324,6.1,19431001,20201227
15412,703626,25323,HAINES,US,AK,PAHN,59.243,-135.509,4.6,19960613,20201227
15421,703670,25322,GUSTAVUS,US,AK,PAGS,58.411,-135.709,12.2,19760801,20201227
15424,703710,25333,SITKA ROCKY GUTIERREZ ARPT,US,AK,PASI,57.048,-135.365,4.3,19730101,20201227
15427,703810,25309,JUNEAU INTERNATIONAL,US,AK,PAJN,58.357,-134.564,4.9,19730101,20201227
15432,703830,25310,ANGOON SEAPLANE BASE,US,AK,PAGN,57.499,-134.586,8.5,19730101,20201227
15438,703860,25329,JAMES A JOHNSON AIRPORT,US,AK,PAPG,56.806,-132.937,32.6,19730101,20201227
15462,703950,25325,KETCHIKAN INTL AIRPORT,US,AK,PAKT,55.35,-131.65,24.4,19730101,20201227
15469,704540,25704,ADAK NAS,US,AK,PADK,51.883,-176.65,5.2,19421030,20201227
15812,711680,99999,SIOUX FALLS CLIMATE,US,SD,,43.733,-96.633,481.5,19941001,20201226
17815,722010,12836,KEY WEST INTERNATIONAL AIRPORT,US,FL,KEYW,24.557,-81.755,0.3,19730101,20201227
17823,722015,12850,KEY WEST NAS,US,FL,KNQX,24.583,-81.683,1.8,19730101,20201227
17830,722020,12839,MIAMI INTERNATIONAL AIRPORT,US,FL,KMIA,25.788,-80.317,8.8,19730101,20201227
17838,722026,12826,HOMESTEAD AFB AIRPORT,US,FL,KHST,25.483,-80.383,1.5,19430201,20201227
17844,722030,12844,PALM BEACH INTERNATIONAL AIRPORT,US,FL,KPBI,26.685,-80.099,5.8,19430206,20201227
17857,722038,12897,NAPLES MUNICIPAL AIRPORT,US,FL,KAPF,26.155,-81.775,2.7,19990101,20201227
17861,722040,12838,MELBOURNE INTL AP,US,FL,KMLB,28.101,-80.644,8.2,19741113,20201227
17878,722050,12815,ORLANDO INTERNATIONAL AIRPORT,US,FL,KMCO,28.434,-81.325,27.4,19520507,20201227
17884,722053,12841,EXECUTIVE AIRPORT,US,FL,KORL,28.545,-81.333,32.9,19900208,20201227
17891,722057,12854,ORLANDO SANFORD AIRPORT,US,FL,KSFB,28.78,-81.244,16.8,19730101,20201227
17896,722060,13889,JACKSONVILLE INTERNATIONAL AIRPORT,US,FL,KJAX,30.495,-81.694,7.9,19480101,20201227
17902,722065,93837,JACKSONVILLE NAS,US,FL,KNIP,30.233,-81.667,6.1,19730101,20201227
17903,722066,3853,MAYPORT NAF,US,FL,KNRB,30.4,-81.417,4.9,19730101,20201227
17911,722070,3822,SAVANNAH/HILTON HEAD INTL AIRPORT,US,GA,KSAV,32.131,-81.202,14.0,19480101,20201227
17929,722080,13880,CHARLESTON AFB/INTERNATIONAL AIRPORT,US,SC,KCHS,32.899,-80.041,12.2,19450101,20201227
17935,722085,93831,BEAUFORT MCAS,US,SC,KNBC,32.483,-80.717,11.3,19450401,20201227
17967,722104,92806,ALBERT WHITTED AIRPORT,US,FL,KSPG,27.765,-82.628,2.4,19860101,20201227
17970,722106,12835,PAGE FIELD AIRPORT,US,FL,KFMY,26.585,-81.861,4.6,19430101,20201227
17977,722110,12842,TAMPA INTERNATIONAL AIRPORT,US,FL,KTPA,27.962,-82.54,5.8,19400801,20201227
17995,722120,12833,CROSS CITY AIRPORT,US,FL,KCTY,29.633,-83.105,11.6,19431219,20201227
18013,722130,13861,WAYCROSS-WARE CO. AIRPORT,US,GA,KAYS,31.25,-82.4,43.3,19421201,20201227
18026,722137,13878,MALCOLM MC KINNON AIRPORT,US,GA,KSSI,31.152,-81.391,4.9,19730101,20201227
18031,722140,93805,TALLAHASSEE REGIONAL AIRPORT,US,FL,KTLH,30.393,-84.353,16.8,19420501,20201227
18065,722160,13869,SW GEORGIA REGIONAL ARPT,US,GA,KABY,31.536,-84.194,57.9,19730101,20201227
18075,722166,93845,VALDOSTA REGIONAL AIRPORT,US,GA,KVLD,30.783,-83.277,60.4,19480101,20201227
18083,722170,3813,MIDDLE GEORGIA REGIONAL AIRPORT,US,GA,KMCN,32.685,-83.653,104.6,19411020,20201227
18092,722175,13860,ROBINS AFB AIRPORT,US,GA,KWRB,32.633,-83.6,89.6,19420807,20201227
18102,722180,3820,AUGUSTA REGIONAL AT BUSH FIELD AP,US,GA,KAGS,33.364,-81.963,40.2,19480101,20201227
18120,722190,13874,HARTSFIELD-JACKSON ATLANTA INTL AP,US,GA,KATL,33.63,-84.442,307.9,19730101,20201227
18139,722200,12832,APALACHICOLA MUNI AIRPORT,US,FL,KAAF,29.733,-85.033,5.8,19450101,20201227
18154,722210,13858,EGLIN AFB AIRPORT,US,FL,KVPS,30.483,-86.517,26.5,19380910,20201227
18164,722215,13884,BOB SIKES AIRPORT,US,FL,KCEW,30.78,-86.523,57.9,19730101,20201227
18173,722223,13899,PENSACOLA REGIONAL AIRPORT,US,FL,KPNS,30.478,-87.187,34.1,19900228,20201227
18176,722225,3855,PENSACOLA NAS,US,FL,KNPA,30.35,-87.317,8.5,19450201,20201227
18177,722226,93841,WHITING FIELD NAVAL AIR STATION NORTH,US,FL,KNSE,30.717,-87.017,60.7,19730101,20201227
18180,722230,13894,MOBILE REGIONAL AIRPORT,US,AL,KMOB,30.688,-88.246,65.5,19730101,20201227
18183,722235,13838,MOBILE DOWNTOWN AIRPORT,US,AL,KBFM,30.626,-88.068,7.9,19420701,20201227
18200,722246,3844,EGLIN AF AUX NR 3 D,US,FL,KEGI,30.65,-86.517,58.0,19490908,20201226
18206,722250,13829,LAWSON AAF AIRPORT,US,GA,KLSF,32.35,-85.0,70.7,19390501,20201227
18211,722255,93842,COLUMBUS METRO AIRPORT,US,GA,KCSG,32.516,-84.942,119.5,19480101,20201227
18213,722260,13895,MONTGOMERY RGNL (DANNELLY FD) AP,US,AL,KMGM,32.3,-86.408,61.6,19730101,20201227
18216,722265,13821,MAXWELL AFB AIRPORT,US,AL,KMXF,32.383,-86.35,52.1,19351001,20201227
18220,722267,3878,TROY MUNICIPAL AIRPORT,US,AL,KTOI,31.861,-86.012,121.0,19730108,20201227
18225,722269,3850,CAIRNS ARMY AIRFIELD (FORT RUCKER),US,AL,KOZR,31.267,-85.717,91.7,19541019,20201227
18227,722270,13864,DOBBINS AIR RESERVE BASE AIRPORT,US,GA,KMGE,33.917,-84.517,325.5,19460901,20201227
18237,722280,13876,BIRMINGHAM INTERNATIONAL AIRPORT,US,AL,KBHM,33.566,-86.745,187.5,19420801,20201227
18242,722286,93806,TUSCALOOSA MUNICIPAL ARPT,US,AL,KTCL,33.212,-87.616,45.7,19730101,20201227
18244,722287,13871,ANNISTON METROPOLITAN ARPT,US,AL,KANB,33.587,-85.856,181.1,19730101,20201227
18266,722310,12916,LOUIS ARMSTRONG NEW ORLEANS INTL AP,US,LA,KMSY,29.997,-90.278,1.2,19451001,20201227
18272,722315,53917,LAKEFRONT AIRPORT,US,LA,KNEW,30.049,-90.029,2.7,19420901,20201227
18274,722316,12958,NEW ORLEANS NAS,US,LA,KNBG,29.817,-90.017,0.6,19730101,20201228
18308,722340,13865,KEY FIELD AIRPORT,US,MS,KMEI,32.335,-88.744,89.6,19420301,20201227
18316,722345,3866,MERIDIAN NAS/MC CAIN FD AP,US,MS,KNMM,32.55,-88.567,82.6,19730101,20201227
18324,722350,3940,JACKSON INTERNATIONAL AIRPORT,US,MS,KJAN,32.321,-90.078,100.6,19420901,20201227
18334,722358,93919,MCOM/PIKE CO/J E LWS FD AP,US,MS,KMCB,31.183,-90.471,125.9,19730101,20201227
18359,722390,3931,POLK ARMY AIRFIELD,US,LA,KPOE,31.05,-93.183,100.6,19620903,20201227
18368,722400,3937,LAKE CHARLES REGIONAL AIRPORT,US,LA,KLCH,30.125,-93.228,2.7,19420502,20201227
18371,722404,13941,CHENNAULT INTERNATIONAL AP,US,LA,KCWF,30.21,-93.143,5.2,19880105,20201227
18373,722405,13976,LAFAYETTE REGIONAL AIRPORT,US,LA,KLFT,30.205,-91.988,11.6,19451001,20201227
18379,722410,12917,SOUTHEAST TEXAS REGIONAL AIRPORT,US,TX,KBPT,29.951,-94.021,4.9,19730101,20201227
18383,722416,12971,NEW BRAUNFELS MUNICIPAL AP,US,TX,KBAZ,29.709,-98.046,196.6,19990317,20201227
18386,722420,12923,SCHOLES INTL AT GLSTON APT,US,TX,KGLS,29.273,-94.859,1.5,19930101,20201227
18397,722430,12960,G BUSH INTERCONTINENTAL AP/HOUSTON AP,US,TX,KIAH,29.98,-95.36,29.0,19730101,20201227
18401,722436,12906,ELLINGTON FIELD AIRPORT,US,TX,KEFD,29.617,-95.167,9.8,19410701,20201227
18409,722446,93987,ANGELINA COUNTY AIRPORT,US,TX,KLFK,31.236,-94.754,87.8,19730101,20201227
18413,722448,13972,TYLER POUNDS REGIONAL ARPT,US,TX,KTYR,32.354,-95.403,165.8,19730101,20201227
18418,722470,3901,EAST TEXAS REGIONAL ARPT,US,TX,KGGG,32.385,-94.712,111.3,19910204,20201227
18422,722480,13957,SHREVEPORT REGIONAL AIRPORT,US,LA,KSHV,32.447,-93.824,77.4,19730101,20201227
18425,722485,13944,BARKSDALE AIR FORCE BASE,US,LA,KBAD,32.5,-93.667,50.6,19370301,20201227
18427,722486,13942,MONROE REGIONAL AIRPORT,US,LA,KMLU,32.516,-92.041,24.1,19421001,20201227
18428,722487,13935,ESLER REGIONAL AIRPORT,US,LA,KESF,31.395,-92.291,36.0,19410701,20201227
18435,722500,12919,BROWNSVILLE/S PADRE ISLAND INTL AP,US,TX,KBRO,25.914,-97.423,7.3,19470101,20201227
18437,722505,12904,VALLEY INTERNATIONAL ARPT,US,TX,KHRL,26.228,-97.654,10.4,19420301,20201227
18439,722506,12959,MC ALLEN MILLER INTL ARPT,US,TX,KMFE,26.184,-98.254,30.5,19730101,20201227
18443,722510,12924,CORPUS CHRISTI INTERNATIONAL AIRPORT,US,TX,KCRP,27.774,-97.512,13.4,19460801,20201227
18444,722515,12926,CORPUS CHRISTI NAS,US,TX,KNGP,27.683,-97.283,5.5,19730101,20201227
18445,722516,12928,KINGSVILLE NAS,US,TX,KNQI,27.5,-97.817,15.2,19730101,20201227
18446,722517,12932,ALICE INTERNATIONAL ARPT,US,TX,KALI,27.741,-98.025,52.7,19460801,20201226
18455,722523,12970,STINSON MINICIPAL AIRPORT,US,TX,KSSF,29.339,-98.472,174.0,19990101,20201227
18461,722526,12947,COTULLA-LA SALLE CO ARPT,US,TX,KCOT,28.457,-99.218,145.1,19730101,20201227
18464,722530,12921,SAN ANTONIO INTERNATIONAL AIRPORT,US,TX,KSAT,29.544,-98.484,240.5,19460814,20201227
18465,722533,12962,HONDO MUNICIPAL AIRPORT,US,TX,KHDO,29.36,-99.174,280.4,19420915,20201227
18466,722535,12909,LACKLAND AIR FORCE BASE (KELLY FIELD ANNEX),US,TX,KSKF,29.383,-98.583,210.3,19370707,20201227
18468,722536,12911,RANDOLPH AFB AIRPORT,US,TX,KRND,29.533,-98.262,221.9,19380401,20201227
18474,722540,13904,AUSTIN-BERGSTROM INTL AIRPORT,US,TX,KAUS,30.183,-97.68,146.3,19990524,20201227
18482,722544,13958,AUSTIN-CAMP MABRY,US,TX,KATT,30.321,-97.76,204.2,19990602,20201227
18488,722550,12912,VICTORIA REGIONAL AIRPORT,US,TX,KVCT,28.861,-96.93,35.1,19411104,20201228
18495,722555,12935,PALACIOS MUNICIPAL AIRPORT,US,TX,KPSX,28.725,-96.254,3.7,19460801,20201227
18498,722560,13959,WACO REGIONAL AIRPORT,US,TX,KACT,31.619,-97.228,152.4,19420514,20201227
18502,722570,3933,HOOD AAF AIRPORT,US,TX,KHLR,31.133,-97.717,281.6,19601101,20201227
18507,722576,3902,ROBERT GRAY AFF AIRPORT,US,TX,KGRK,31.067,-97.833,309.4,19500926,20201227
18511,722580,13960,DALLAS LOVE FIELD AIRPORT,US,TX,KDAL,32.852,-96.856,134.1,19460726,20201227
18522,722590,3927,DALLAS/FT WORTH INTERNATIONAL AP,US,TX,KDFW,32.898,-97.019,170.7,19730101,20201227
18528,722595,13911,FORT WORTH NAVAL AIR STATION JRB/CARSWELL FIELD,US,TX,KNFW,32.767,-97.45,185.3,19421201,20201227
18530,722597,93985,MINERAL WELLS AIRPORT,US,TX,KMWL,32.782,-98.06,283.5,19480310,20201227
18535,722600,3969,CLARK FIELD MUNI AIRPORT,US,TX,KSEP,32.215,-98.178,402.6,19840101,20201227
18538,722610,22010,DEL RIO INTERNATIONAL AIRPORT,US,TX,KDRT,29.378,-100.927,304.5,19510501,20201227
18539,722615,22001,LAUGHLIN AFB AIRPORT,US,TX,KDLF,29.367,-100.783,329.8,19430217,20201227
18545,722620,23055,GUADALUPE PASS AMOS,US,TX,KGDP,31.831,-104.809,1663.0,19770827,20201227
18548,722630,23034,SAN ANGELO REGIONAL/MATHS FIELD AP,US,TX,KSJT,31.352,-100.495,584.0,19480215,20201227
18553,722640,93035,MARFA MUNICIPAL AIRPORT,US,TX,KMRF,30.371,-104.017,1478.0,19361201,20201227
18557,722650,23023,MIDLAND INTERNATIONAL AIRPORT,US,TX,KMAF,31.948,-102.209,872.3,19480201,20201227
18561,722656,23040,WINKLER COUNTY AIRPORT,US,TX,KINK,31.78,-103.202,855.6,19460801,20201227
18564,722660,13962,ABILENE REGIONAL AIRPORT,US,TX,KABI,32.411,-99.682,545.6,19460801,20201227
18568,722670,23042,LUBBOCK INTERNATIONAL AIRPORT,US,TX,KLBB,33.666,-101.823,991.8,19450810,20201227
18575,722678,23052,RATON MUNI/CREWS FIELD APT,US,NM,KRTN,36.741,-104.502,1935.2,19980902,20201227
18577,722680,23009,ROSWELL INTERNATIONAL AIR CENTER AP,US,NM,KROW,33.308,-104.508,1112.2,19420713,20201227
18583,722686,23008,CANNON AFB AIRPORT,US,NM,KCVS,34.383,-103.317,1309.1,19430125,20201227
18585,722687,93033,CAVERN CITY AIR TRML ARPT,US,NM,KCNM,32.334,-104.258,985.1,19420910,20201227
18586,722688,93034,LEA COUNTY REGIONAL AIRPORT,US,NM,KHOB,32.693,-103.213,1114.0,19421101,20201227
18601,722700,23044,EL PASO INTERNATIONAL AIRPORT,US,TX,KELP,31.811,-106.376,1194.2,19410401,20201227
18604,722710,93045,TRH OR CONSEQCES MUNI ARPT,US,NM,KTCS,33.237,-107.268,1478.3,19780301,20201227
18616,722730,3124,SIERRA VISTA MUNICIPAL-LIBBY AAF AIRPORT,US,AZ,KFHU,31.588,-110.344,1438.4,19541011,20201227
18620,722740,23160,TUCSON INTERNATIONAL AIRPORT,US,AZ,KTUS,32.131,-110.955,776.9,19730101,20201227
18622,722745,23109,DAVIS-MONTHAN AFB AIRPORT,US,AZ,KDMA,32.167,-110.883,824.2,19410717,20201227
18633,722780,23183,PHOENIX SKY HARBOR INTL AIRPORT,US,AZ,KPHX,33.428,-112.004,337.4,19730101,20201227
18639,722785,23111,LUKE AFB AIRPORT,US,AZ,KLUF,33.55,-112.367,330.7,19411201,20201227
18641,722786,23104,WILLIAMS GATEWAY AIRPORT,US,AZ,KIWA,33.3,-111.667,421.2,19420301,20201227
18654,722810,23199,NAF,US,CA,KNJK,32.817,-115.683,-12.8,19840413,20201226
18671,722860,23119,MARCH AIR RESERVE BASE,US,CA,KRIV,33.9,-117.25,468.2,19330101,20201227
18685,722880,23152,BURBANK-GLENDALE-PASA ARPT,US,CA,KBUR,34.201,-118.358,236.2,19430601,20201227
18691,722886,23130,VAN NUYS AIRPORT,US,CA,KVNY,34.21,-118.489,234.7,19421211,20201227
18706,722900,23188,SAN DIEGO INTERNATIONAL AIRPORT,US,CA,KSAN,32.734,-117.183,4.6,19420101,20201227
18714,722906,93112,NORTH ISLAND NAS,US,CA,KNZY,32.7,-117.2,7.9,19450401,20201227
18718,722909,93115,NAVAL AUXILIARY LANDING FD,US,CA,KNRS,32.567,-117.117,7.3,19730101,20201227
18719,722910,93116,SAN NICOLAS ISLAND NAVAL OUTLYING FIELD,US,CA,KNSI,33.24,-119.458,153.0,19430616,20201227
18727,722920,23191,CATALINA AIRPORT,US,CA,KAVX,33.405,-118.416,488.3,19430612,20201228
18731,722925,93117,NALF/F. SHERMAN FLD ARPT,US,CA,KNUC,33.023,-118.588,55.5,19430610,20201227
18733,722926,3154,MARINE CORPS AIR STATION,US,CA,KNFG,33.3,-117.35,22.9,19730102,20201227
18746,722950,23174,LOS ANGELES INTERNATIONAL AIRPORT,US,CA,KLAX,33.938,-118.389,29.6,19440101,20201228
18758,722970,23129,LONG BEACH / DAUGHERTY FIELD / AIRPORT,US,CA,KLGB,33.812,-118.146,9.5,19430101,20201227
18768,722977,93184,J. WAYNE APT-ORANGE CO APT,US,CA,KSNA,33.68,-117.866,16.5,19400617,20201227
18783,723030,13714,POPE AFB AIRPORT,US,NC,KPOB,35.174,-79.009,66.5,19370703,20201227
18802,723060,13722,RALEIGH-DURHAM INTERNATIONAL AP,US,NC,KRDU,35.892,-78.782,126.8,19451101,20201227
18806,723066,13713,SEYMOUR-JOHNSON AFB AIRPORT,US,NC,KGSB,35.344,-77.965,33.2,19430601,20201227
18808,723067,93726,KINSTON REGIONAL JETPORT AT STALLING FIELD,US,NC,KISO,35.317,-77.633,28.7,19730608,20201227
18817,723075,13769,OCEANA NAS,US,VA,KNTU,36.817,-76.033,7.0,19730101,20201227
18823,723080,13737,NORFOLK INTERNATIONAL AIRPORT,US,VA,KORF,36.903,-76.192,9.1,19730101,20201227
18825,723083,13763,FRANKLIN MUNICIPAL-JOHN BEVERLY ROSE AIRPORT,US,VA,KFKN,36.698,-76.903,12.5,19941016,20201227
18829,723085,13750,NORFOLK NAS,US,VA,KNGU,36.937,-76.289,5.2,19730101,20201227
18832,723087,93735,FELKER ARMY AIRFIELD,US,VA,KFAF,37.133,-76.6,3.7,19601101,20201227
18836,723090,13754,CHERRY POINT MCAS,US,NC,KNKT,34.9,-76.883,8.8,19730101,20201227
18838,723095,93719,CRAVEN COUNTY REG AIRPORT,US,NC,KEWN,35.068,-77.048,5.8,19730101,20201227
18839,723096,93727,JACKSONVILLE,US,NC,KNCA,34.708,-77.44,7.9,19730101,20201227
18840,723097,93743,BOGUE FIELD MARINE CORPS AUXILIARY FIELD,US,NC,KNJM,34.683,-77.033,6.4,19870504,20201227
18844,723100,13883,COLUMBIA METROPOLITAN AIRPORT,US,SC,KCAE,33.942,-81.118,68.6,19420424,20201227
18850,723106,13744,FLORENCE REGIONAL AIRPORT,US,SC,KFLO,34.188,-79.731,44.5,19730101,20201227
18853,723108,13776,LUMBERTON MUNICIPAL ARPT,US,NC,KLBT,34.608,-79.059,36.9,19980902,20201226
18857,723110,13873,ATHENS/BEN EPPS AIRPORT,US,GA,KAHN,33.948,-83.328,239.3,19730101,20201227
18868,723119,13886,GREENVILLE DOWNTOWN ARPT,US,SC,KGMU,34.846,-82.346,319.4,19420908,20201227
18870,723120,3870,GREENVILLE-SPARTANBURG INTL AIRPORT,US,SC,KGSP,34.906,-82.213,291.1,19730101,20201227
18880,723139,93729,BILLY MITCHELL AIRPORT,US,NC,KHSE,35.233,-75.622,3.4,19960101,20201227
18881,723140,13881,CHARLOTTE/DOUGLAS INTERNATIONAL AP,US,NC,KCLT,35.224,-80.955,221.9,19410722,20201227
18893,723150,3812,ASHEVILLE REGIONAL AIRPORT,US,NC,KAVL,35.432,-82.538,645.3,19730101,20201227
18900,723170,13723,PIEDMONT TRIAD INTERNATIONAL AIRPORT,US,NC,KGSO,36.097,-79.943,271.3,19451101,20201227
18912,723193,93807,SMITH REYNOLDS AIRPORT,US,NC,KINT,36.134,-80.222,295.7,19900208,20201227
18916,723200,93801,RICHARD B RUSSELL AIRPORT,US,GA,KRMG,34.348,-85.161,194.8,19780101,20201227
18919,723230,3856,HUNTSVILLE INTL/C.T.JONES FIELD AIRPORT,US,AL,KHSV,34.644,-86.787,190.2,19730101,20201227
18922,723235,13896,NORTH WEST ALABAMA REGIONAL AIRPORT,US,AL,KMSL,34.744,-87.6,164.6,19730101,20201227
18923,723240,13882,LOVELL FIELD AIRPORT,US,TN,KCHA,35.034,-85.2,204.2,19730101,20201227
18929,723260,13891,MC GHEE TYSON AIRPORT,US,TN,KTYS,35.818,-83.986,293.2,19480101,20201227
18931,723264,99999,KNOXVILLE DOWNTOWN ISLAND,US,TN,KDKX,35.964,-83.874,253.9,19790507,20201225
18933,723270,13897,NASHVILLE INTERNATIONAL AIRPORT,US,TN,KBNA,36.119,-86.689,182.9,19510101,20201227
18952,723306,13825,COLUMBUS AFB AIRPORT,US,MS,KCBM,33.65,-88.45,66.8,19420301,20201227
18956,723320,93862,TUPELO REGIONAL AIRPORT,US,MS,KTUP,34.262,-88.771,110.0,19910301,20201227
18957,723340,13893,MEMPHIS INTERNATIONAL AIRPORT,US,TN,KMEM,35.056,-89.987,77.4,19461001,20201227
18959,723346,3811,MCKELLAR-SIPES RGNL ARPT,US,TN,KMKL,35.593,-88.917,132.0,19730101,20201227
18960,723347,3809,DYERSBURG MUNICIPAL ARPT,US,TN,KDYR,36.0,-89.409,91.4,19430412,20201227
18967,723403,13963,ADAMS FIELD AIRPORT,US,AR,KLIT,34.727,-92.239,78.6,19900228,20201227
18968,723405,3930,LITTLE ROCK AFB AIRPORT,US,AR,KLRF,34.917,-92.15,94.8,19560101,20201227
18974,723408,13814,ARKANSAS INTERNATIONAL AIRPORT,US,AR,KBYH,35.967,-89.95,77.4,19420901,20201219
18983,723417,93988,GRIDER FIELD AIRPORT,US,AR,KPBF,34.18,-91.934,63.1,19730101,20201227
18985,723418,13977,TEXARKANA REGIONAL AIRPORT-WEBB FIELD,US,AR,KTXK,33.456,-93.988,110.0,19460729,20201227
18986,723419,93992,S. AR RGNL AT GDWIN FLD AP,US,AR,KELD,33.221,-92.814,76.8,19730101,20201227
19001,723440,13964,FORT SMITH REGIONAL AIRPORT,US,AR,KFSM,35.333,-94.363,136.9,19470101,20201227
19008,723445,93993,DRAKE FIELD AIRPORT,US,AR,KFYV,36.01,-94.169,381.3,19730101,20201227
19025,723495,13987,JOPLIN REGIONAL AIRPORT,US,MO,KJLN,37.152,-94.495,296.3,19730101,20201227
19026,723510,13966,SHEPPARD AFB/WICHITA FALLS MUNI AP,US,TX,KSPS,33.979,-98.493,310.0,19420413,20201227
19027,723513,99999,SHEPPARD AFB,US,TX,KSHP,33.967,-98.483,310.6,19870731,20200511
19028,723520,13902,ALTUS AFB AIRPORT,US,OK,KLTS,34.65,-99.267,421.2,19430201,20201227
19030,723525,93986,HOBART MUNICIPAL AIRPORT,US,OK,KHBR,34.989,-99.053,474.3,19730101,20201227
19038,723530,13967,WILL ROGERS WORLD AIRPORT,US,OK,KOKC,35.389,-97.601,391.7,19411214,20201227
19045,723540,13919,TINKER AFB AIRPORT,US,OK,KTIK,35.417,-97.383,393.5,19421214,20201227
19052,723550,13945,HENRY POST AAF AIRPORT,US,OK,KFSI,34.65,-98.4,362.4,19390901,20201227
19058,723560,13968,TULSA INTERNATIONAL AIRPORT,US,OK,KTUL,36.199,-95.887,198.1,19470101,20201227
19063,723566,93950,MC ALESTER REGIONAL ARPT,US,OK,KMLC,34.882,-95.783,234.7,19530701,20201227
19069,723600,23051,CLAYTON MUNICIPAL AIRPARK AIRPORT,US,NM,KCAO,36.449,-103.154,1511.8,19770827,20201227
19074,723625,93057,GRANTS-MILAN MUNI AIRPORT,US,NM,KGNT,35.165,-107.902,1987.3,19480101,20201227
19079,723627,23081,GALLUP MUNICIPAL AIRPORT,US,NM,KGUP,35.514,-108.794,1972.4,19730101,20201227
19084,723630,23047,AMARILLO RICK HUSBAND INTL AIRPORT,US,TX,KAMA,35.23,-101.704,1098.5,19430301,20201227
19087,723640,99999,DONA ANA COUNTY INTL JETPORT ARPT/SANTA TERESA,US,NM,KDNA,31.88,-106.703,1253.6,19950911,20201226
19090,723650,23050,ALBUQUERQUE INTL SUNPORT AIRPORT,US,NM,KABQ,35.042,-106.616,1618.5,19410701,20201227
19095,723656,23049,SANTA FE MUNICIPAL AIRPORT,US,NM,KSAF,35.617,-106.089,1933.7,19460801,20201227
19099,723658,23090,FOUR CORNERS REGIONAL ARPT,US,NM,KFMN,36.744,-108.229,1674.9,19730101,20201227
19108,723676,23048,TUCUMCARI MUNICIPAL ARPT,US,NM,KTCC,35.182,-103.603,1239.0,19460801,20201227
19110,723677,23054,LAS VEGAS MUNICIPAL ARPT,US,NM,KLVS,35.654,-105.142,2095.2,19460801,20201227
19112,723700,93167,KINGMAN AIRPORT,US,AZ,KIGM,35.258,-113.933,1042.4,19990101,20201227
19117,723723,23184,ERNEST A. LOVE FIELD ARPT,US,AZ,KPRC,34.652,-112.421,1536.8,19900228,20201227
19118,723740,23194,WINSLOW-LINDBERGH REGIONAL AIRPORT,US,AZ,KINW,35.028,-110.721,1489.3,19730101,20201227
19137,723760,99999,FLAGSTAFF,US,AZ,,35.217,-111.817,2181.6,19981002,20201226
19153,723805,23179,NEEDLES AIRPORT,US,CA,KEED,34.768,-114.619,271.3,19770217,20201227
19154,723810,23114,EDWARDS AIR FORCE BASE,US,CA,KEDW,34.9,-117.867,704.4,19411201,20201227
19157,723815,23161,BARSTOW-DAGGETT AIRPORT,US,CA,KDAG,34.854,-116.786,584.3,19490101,20201227
19158,723816,3159,GENERAL WILLIAM J. FOX AIRFIELD AIRPORT,US,CA,KWJF,34.741,-118.212,712.6,19740601,20201227
19159,723820,23182,PDLE PRODN FLT/TST AF PLT,US,CA,KPMD,34.629,-118.084,769.2,19730101,20201227
19161,723825,23131,SOUTHERN CALIFORNIA LOGISTICS AIRPORT,US,CA,KVCV,34.583,-117.383,879.4,19420101,20201227
19165,723830,23187,SANDBERG,US,CA,KSDB,34.744,-118.724,1374.7,19730101,20201227
19166,723840,23155,MEADOWS FIELD AIRPORT,US,CA,KBFL,35.434,-119.054,149.1,19411001,20201227
19168,723860,23169,MCCARRAN INTERNATIONAL AIRPORT,US,NV,KLAS,36.072,-115.163,664.5,19730101,20201227
19169,723870,3160,DESERT ROCK AIRPORT,US,NV,KDRA,36.621,-116.028,984.5,19780515,20201227
19172,723890,93193,FRESNO YOSEMITE INTERNATIONAL AIRPORT,US,CA,KFAT,36.78,-119.719,101.5,19411204,20201227
19185,723910,93111,POINT MUGU,US,CA,KNTD,34.117,-119.117,4.0,19730101,20201227
19192,723925,23190,SANTA BARBARA MUNICIPAL AIRPORT,US,CA,KSBA,34.426,-119.843,2.7,19730101,20201227
19195,723927,93110,OXNARD AIRPORT,US,CA,KOXR,34.201,-119.207,11.0,19440401,20201227
19202,723940,23273,SANTA MARIA PUB/CAPT G A HANCOCK AP,US,CA,KSMX,34.899,-120.449,73.8,19730101,20201227
19205,723965,93209,PASO ROBLES MUNICIPAL ARPT,US,CA,KPRB,35.67,-120.628,246.9,19411201,20201227
19214,724010,13740,RICHMOND INTERNATIONAL AIRPORT,US,VA,KRIC,37.512,-77.323,50.0,19420924,20201227
19219,724016,93736,CHARLOTTESVILLE ALBEMARLE ARPT,US,VA,KCHO,38.137,-78.455,195.1,19730101,20201227
19225,724020,93739,WALLOPS FLIGHT FACILITY AIRPORT,US,VA,KWAL,37.937,-75.466,14.0,19730101,20201227
19235,724030,93738,WASHINGTON DULLES INTERNATIONAL AP,US,VA,KIAD,38.935,-77.447,88.4,19730101,20201227
19238,724035,13773,QUANTICO MCAF,US,VA,KNYG,38.504,-77.305,3.1,19730101,20201227
19241,724037,93728,DAVISON AAF AIRPORT,US,VA,KDAA,38.717,-77.183,22.3,19570201,20201227
19243,724040,13721,NAVAL AIR STATION,US,MD,KNHK,38.3,-76.417,11.9,19450301,20201226
19251,724050,13743,RONALD REAGAN WASHINGTON NATL AP,US,VA,KDCA,38.847,-77.035,3.1,19360901,20201227
19262,724060,93721,BALTIMORE-WASHINGTON INTL AIRPORT,US,MD,KBWI,39.173,-76.684,47.6,19450101,20201227
19271,724070,93730,ATLANTIC CITY INTERNATIONAL AIRPORT,US,NJ,KACY,39.452,-74.567,18.3,19470101,20201227
19274,724075,13735,MILLVILLE MUNICIPAL ARPT,US,NJ,KMIV,39.366,-75.078,18.3,19730101,20201227
19278,724080,13739,PHILADELPHIA INTERNATIONAL AIRPORT,US,PA,KPHL,39.873,-75.227,3.1,19730101,20201227
19283,724085,94732,NE PHILADELPHIA AIRPORT,US,PA,KPNE,40.079,-75.013,32.0,19730101,20201227
19287,724088,13707,DOVER AFB AIRPORT,US,DE,KDOV,39.133,-75.467,8.5,19421201,20201227
19290,724090,14780,NAES/MAXFIELD FIELD,US,NJ,KNEL,40.033,-74.35,30.8,19730101,20201227
19295,724095,14792,TRENTON MERCER AIRPORT,US,NJ,KTTN,40.277,-74.816,57.9,19730101,20201227
19297,724096,14706,MCGUIRE AFB AIRPORT,US,NJ,KWRI,40.017,-74.6,39.9,19420801,20201227
19303,724100,13733,LYNCHBURG RGNL/PRESTON GLENN FLD AP,US,VA,KLYH,37.321,-79.207,286.5,19730101,20201227
19307,724106,13728,DANVILLE REGIONAL AIRPORT,US,VA,KDAN,36.573,-79.335,174.0,19730101,20201227
19311,724110,13741,ROANOKE REGIONAL/WOODRUM FIELD AP,US,VA,KROA,37.317,-79.974,358.1,19730101,20201227
19316,724116,13868,NEW RIVER VALLEY AIRPORT,US,VA,KPSK,37.133,-80.683,641.6,19940818,20201227
19322,724120,3872,RALEIGH COUNTY MEMORIAL AIRPORT,US,WV,KBKW,37.784,-81.123,766.3,19730101,20201227
19331,724140,13866,YEAGER AIRPORT,US,WV,KCRW,38.379,-81.59,277.4,19730101,20201227
19334,724170,13729,ELKINS-RAND CO-J.RAND FIELD AIRPORT,US,WV,KEKN,38.89,-79.855,597.7,19730101,20201227
19337,724176,13736,MGTN RGNL-W L B HART FD AP,US,WV,KMGW,39.65,-79.921,378.0,19730101,20201227
19338,724177,13734,ETRN WV RGNL/SHPHERD FD AP,US,WV,KMRB,39.404,-77.945,162.8,19730101,20201227
19342,724210,93814,CINCINNATI/NORTHERN KENTUCKY INTL AP,US,KY,KCVG,39.044,-84.672,269.1,19730101,20201227
19343,724220,93820,BLUE GRASS AIRPORT,US,KY,KLEX,38.041,-84.606,298.7,19730101,20201227
19344,724230,93821,LOUISVILLE INTL-STANDIFORD FIELD AP,US,KY,KSDF,38.181,-85.739,148.7,19730101,20201227
19347,724235,13810,BOWMAN FIELD AIRPORT,US,KY,KLOU,38.228,-85.664,164.6,19411101,20201227
19354,724240,13807,GODMAN AAF AIRPORT,US,KY,KFTK,37.9,-85.967,230.1,19450301,20201227
19356,724243,3849,LDON-CRBN APT-MGEE FLD APT,US,KY,KLOZ,37.087,-84.077,362.1,19910321,20201227
19357,724250,3860,TRI-STATE/M.J.FERGUS,US,WV,KHTS,38.365,-82.555,251.2,19730101,20201227
19362,724273,3804,MID-OHIO VALLEY REGIONAL AIRPORT,US,WV,KPKB,39.34,-81.444,253.3,19900208,20201228
19363,724275,14894,WHEELING OHIO COUNTY ARPT,US,WV,KHLG,40.176,-80.647,359.4,19730101,20201227
19367,724280,14821,PORT COLUMBUS INTERNATIONAL AIRPORT,US,OH,KCMH,39.991,-82.877,248.7,19450401,20201227
19370,724285,13812,RICKENBACKER INTL AIRPORT,US,OH,KLCK,39.817,-82.933,226.8,19420801,20201227
19372,724286,93824,ZANESVILLE MUNICIPAL ARPT,US,OH,KZZV,39.944,-81.892,268.2,19730101,20201227
19378,724290,93815,J.M.COX DAYTON INTERNATIONAL AIRPORT,US,OH,KDAY,39.906,-84.219,305.7,19730101,20201227
19386,724296,13841,AIRBORNE AIRPARK AIRPORT,US,OH,KILN,39.431,-83.777,325.2,19430801,20201227
19388,724297,93812,CINA MUNI APT/LUKN FD APT,US,OH,KLUK,39.103,-84.419,149.4,19730101,20201227
19391,724303,14813,AKRON FULTON INTL AIRPORT,US,OH,KAKR,41.038,-81.464,318.2,19990502,20201227
19393,724320,93817,EVANSVILLE REGIONAL AIRPORT,US,IN,KEVV,38.044,-87.521,121.9,19730101,20201227
19402,724338,13802,SCOTT AIR FORCE BASE/MIDAMERICA AIRPORT,US,IL,KBLV,38.55,-89.85,139.9,19380101,20201227
19406,724340,13994,LAMBERT-ST LOUIS INTERNATIONAL AP,US,MO,KSTL,38.753,-90.374,161.9,19730101,20201227
19408,724345,3966,SPIRIT OF ST LOUIS AIRPORT,US,MO,KSUS,38.657,-90.656,140.8,19730101,20201227
19411,724350,3816,BARKLEY REGIONAL AIRPORT,US,KY,KPAH,37.056,-88.774,125.9,19890101,20201227
19418,724363,13803,COLUMBUS MUNICIPAL AIRPORT,US,IN,KBAK,39.267,-85.9,200.0,19900208,20201227
19430,724380,93819,INDIANAPOLIS INTERNATIONAL AIRPORT,US,IN,KIND,39.725,-86.282,241.1,19421006,20201227
19435,724386,14835,PURDUE UNIVERSITY AIRPORT,US,IN,KLAF,40.412,-86.937,182.6,19730101,20201227
19438,724388,14829,GOSHEN MUNICIPAL AIRPORT,US,IN,KGSH,41.533,-85.783,253.0,19961002,20201228
19442,724390,93822,ABRAHAM LINCOLN CAPITAL AIRPORT,US,IL,KSPI,39.845,-89.684,181.1,19730101,20201227
19450,724400,13995,SPRINGFIELD-BRANSON REGIONAL AIRPORT,US,MO,KSGF,37.24,-93.39,384.7,19730101,20201227
19453,724450,3945,COLUMBIA REGIONAL AIRPORT,US,MO,KCOU,38.817,-92.218,272.2,19730101,20201227
19456,724454,93996,FARMINGTON REGIONAL ARPT,US,MO,KFAM,37.761,-90.428,288.7,19950210,20201227
19458,724455,14938,KIRKSVILLE REGIONAL ARPT,US,MO,KIRK,40.097,-92.543,294.4,19730101,20201227
19461,724457,3938,WAYNESVILLE REGIONAL AIRPORT AT FORNEY FIELD,US,MO,KTBN,37.75,-92.15,353.3,19630320,20201227
19467,724460,3947,KANSAS CITY INTERNATIONAL AIRPORT,US,MO,KMCI,39.297,-94.731,306.3,19730101,20201227
19471,724463,13988,C.R. WHEELER DOWNTOWN ARPT,US,MO,KMKC,39.121,-94.597,226.2,19900208,20201227
19477,724467,13930,WHITEMAN AFB AIRPORT,US,MO,KSZL,38.717,-93.55,265.2,19421201,20201227
19481,724475,93909,NEW CENTURY AIRCENTER ARPT,US,KS,KIXD,38.832,-94.89,331.3,19781124,20201227
19483,724490,13993,ROSECRANS MEMORIAL AIRPORT,US,MO,KSTJ,39.774,-94.923,249.3,19440301,20201227
19485,724500,3928,WICHITA EISENHOWER NATIONAL,US,KS,KICT,37.648,-97.43,402.6,19730101,20201227
19491,724505,3923,MCCONNELL AFB AIRPORT,US,KS,KIAB,37.617,-97.267,417.9,19531201,20201227
19493,724506,13986,HUTCHINSON MUNICIPAL ARPT,US,KS,KHUT,38.065,-97.861,470.3,19450201,20201227
19495,724507,13981,CHANUTE MARTIN JOHNSON APT,US,KS,KCNU,37.67,-95.484,300.2,19730101,20201227
19500,724510,13985,DODGE CITY REGIONAL AIRPORT,US,KS,KDDC,37.769,-99.968,787.0,19430419,20201227
19501,724515,23064,GARDEN CITY REGIONAL ARPT,US,KS,KGCK,37.927,-100.725,878.4,19430201,20201227
19511,724520,3957,MEDICINE LODGE,US,KS,KP28,37.284,-98.553,467.9,19780310,20201227
19513,724550,13947,MARSHALL ARMY AIRFIELD,US,KS,KFRI,39.05,-96.767,324.6,19380817,20201227
19517,724556,13989,EMPORIA MUNICIPAL AIRPORT,US,KS,KEMP,38.329,-96.195,364.5,19730101,20201227
19519,724560,13996,PHILIP BILLARD MUNICIPAL AIRPORT,US,KS,KTOP,39.073,-95.626,267.0,19730101,20201227
19520,724565,13920,FORBES FIELD AIRPORT,US,KS,KFOE,38.95,-95.664,325.2,19421001,20201227
19523,724580,13984,BLOSSER MUNICIPAL AIRPORT,US,KS,KCNK,39.551,-97.651,447.8,19730101,20201227
19524,724585,93997,RUSSELL MUNICIPAL AIRPORT,US,KS,KRSL,38.876,-98.809,568.2,19430201,20201226
19525,724586,3919,SALINA MUNICIPAL AIRPORT,US,KS,KSLN,38.8,-97.65,386.8,19730101,20201227
19530,724620,23061,SAN LUIS VALLEY REGIONAL AIRPORT,US,CO,KALS,37.439,-105.861,2296.1,19730101,20201227
19538,724635,23067,LA JUNTA MUNICIPAL AIRPORT,US,CO,KLHX,38.049,-103.513,1278.3,19421101,20201227
19541,724640,93058,PUEBLO MEMORIAL AIRPORT,US,CO,KPUB,38.289,-104.506,1441.4,19421001,20201227
19542,724645,23070,PERRY STOKES AIRPORT,US,CO,KTAD,37.262,-104.338,1749.9,19730101,20201227
19545,724650,23065,RENNER FIELD/GOODLAND MINI AIRPORT,US,KS,KGLD,39.367,-101.693,1114.4,19730101,20201227
19546,724655,93990,HILL CITY MUNICIPAL ARPT,US,KS,KHLC,39.376,-99.83,666.9,19730101,20201227
19547,724660,93037,CITY OF COLORADO SPRINGS MUNICIPAL AP,US,CO,KCOS,38.81,-104.688,1884.0,19420901,20201227
19549,724665,93010,LIMON MUNICIPAL AIRPORT,US,CO,KLIC,39.275,-103.666,1638.0,19730101,20201227
19559,724675,23063,EAGLE CO REGIONAL AIRPORT,US,CO,KEGE,39.65,-106.917,1980.3,19730101,20201227
19568,724680,94015,BUTTS AAF AIRPORT,US,CO,KFCS,38.678,-104.757,1779.4,19660915,20201227
19579,724695,23036,BUCKLEY AIR FORCE BASE,US,CO,KBKF,39.717,-104.75,1726.1,19440301,20201227
19583,724698,24015,COLORADO PLAINS RGNL ARPT,US,CO,KAKO,40.167,-103.217,1421.3,19730101,20201227
19589,724720,99999,BLANDING,US,UT,,37.617,-109.467,1840.0,19730101,20201225
19608,724755,93129,CEDAR CITY REGIONAL ARPT,US,UT,KCDC,37.709,-113.094,1702.6,19730101,20201227
19609,724756,23159,BRYCE CANYON AIRPORT,US,UT,KBCE,37.706,-112.146,2312.2,19730101,20201227
19612,724760,23066,GRAND JUNCTION REGIONAL AIRPORT,US,CO,KGJT,39.134,-108.54,1480.7,19730101,20201227
19630,724796,94128,LOGAN-CACHE AIRPORT,US,UT,KLGU,41.787,-111.853,1357.6,19990101,20201228
19632,724797,23176,MILFORD MUNI BRISCOE,US,UT,KMLF,38.417,-113.017,1534.1,19970101,20201227
19633,724800,23157,BISHOP AIRPORT,US,CA,KBIH,37.371,-118.358,1250.3,19430116,20201227
19634,724810,23203,CASTLE AFB,US,CA,KMER,37.383,-120.567,58.2,19420101,20201227
19640,724830,23232,SACRAMENTO EXECUTIVE AIRPORT,US,CA,KSAC,38.507,-121.495,4.6,19730101,20201227
19645,724836,23208,SACRAMENTO MCCLELLAN AFB,US,CA,KMCC,38.667,-121.4,23.5,19391109,20201227
19647,724837,93216,BEALE AIR FORCE BASE,US,CA,KBAB,39.133,-121.433,34.4,19590701,20201227
19651,724839,93225,SACRAMENTO INTL AIRPORT,US,CA,KSMF,38.696,-121.59,7.0,19730101,20201227
19659,724855,23153,TONOPAH AIRPORT,US,NV,KTPH,38.051,-117.09,1644.4,19421001,20201227
19660,724856,99999,HAWTHORNE INDUSTRIAL,US,NV,KHTH,38.544,-118.634,1284.7,19831103,20201226
19661,724860,23154,ELY AIRPORT/YELLAND FIELD/AIRPORT,US,NV,KELY,39.295,-114.847,1908.7,19730101,20201227
19664,724880,23185,RENO/TAHOE INTERNATIONAL AIRPORT,US,NV,KRNO,39.484,-119.771,1344.2,19430105,20201227
19665,724885,93102,FALLON NAS,US,NV,KNFL,39.417,-118.717,1199.1,19730101,20201227
19673,724920,23237,STOCKTON METROPOLITAN AIRPORT,US,CA,KSCK,37.889,-121.226,7.9,19410103,20201227
19675,724926,23258,MDSTO CTY-CO H SHAM FD APT,US,CA,KMOD,37.624,-120.951,22.3,19730101,20201227
19678,724930,23230,METRO OAKLAND INTL AIRPORT,US,CA,KOAK,37.721,-122.221,1.8,19430101,20201228
19688,724940,23234,SAN FRANCISCO INTERNATIONAL AIRPORT,US,CA,KSFO,37.62,-122.365,2.4,19730101,20201227
19690,724945,23293,N Y. MINETA SN JO INTL APT,US,CA,KSJC,37.359,-121.924,15.5,19730101,20201227
19722,725020,14734,NEWARK LIBERTY INTERNATIONAL AP,US,NJ,KEWR,40.683,-74.169,2.1,19730101,20201227
19727,725025,94741,TETERBORO AIRPORT,US,NJ,KTEB,40.85,-74.061,2.7,19730101,20201227
19735,725030,14732,LA GUARDIA AIRPORT,US,NY,KLGA,40.779,-73.88,3.4,19730101,20201227
19739,725036,14757,DUTCHESS COUNTY AIRPORT,US,NY,KPOU,41.626,-73.882,50.6,19730101,20201227
19741,725037,94745,WESTCHESTER COUNTY AIRPORT,US,NY,KHPN,41.062,-73.705,111.9,19730101,20201227
19742,725038,14714,STEWART INTERNATIONAL AIRPORT,US,NY,KSWF,41.5,-74.1,149.7,19420802,20201227
19745,725040,94702,IGOR I SIKORSKY MEMORIAL AIRPORT,US,CT,KBDR,41.164,-73.127,1.5,19421208,20201227
19746,725045,14758,TWEED-NEW HAVEN AIRPORT,US,CT,KHVN,41.264,-72.887,0.9,19730101,20201227
19748,725046,14707,GROTON-NEW LONDON AIRPORT,US,CT,KGON,41.328,-72.049,3.1,19430118,20201227
19761,725058,94793,BLOCK ISLAND STATE AIRPORT,US,RI,KBID,41.168,-71.578,32.0,19900101,20201227
19784,725070,14765,THEODORE F GREEN STATE AIRPORT,US,RI,KPVD,41.723,-71.433,16.8,19420801,20201227
19796,725080,14740,BRADLEY INTERNATIONAL AIRPORT,US,CT,KBDL,41.938,-72.682,53.3,19410912,20201227
19799,725085,54756,ORANGE MUNICIPAL AIRPORT,US,MA,KORE,42.57,-72.291,169.2,19960702,20201227
19803,725087,14752,HARTFORD-BRAINARD AIRPORT,US,CT,KHFD,41.736,-72.651,5.8,19740101,20201227
19808,725090,14739,GEN E L LOGAN INTERNATIONAL AIRPORT,US,MA,KBOS,42.361,-71.01,3.7,19431121,20201227
19818,725103,14712,RDNG RGNL/C A SPAATZ FD AP,US,PA,KRDG,40.373,-75.959,104.9,19900314,20201227
19822,725105,14770,PENN VALLEY AIRPORT,US,PA,KSEG,40.821,-76.864,135.3,19970902,20201227
19824,725107,4780,FITCHBURG MUNICIPAL ARP,US,MA,KFIT,42.552,-71.756,106.1,19971002,20201227
19840,725118,14751,CAPITAL CITY AIRPORT,US,PA,KCXY,40.217,-76.851,103.6,19900301,20201227
19849,725125,4787,DU BOIS-JEFFERSON CO ARPT,US,PA,KDUJ,41.179,-78.893,550.2,19730101,20201227
19851,725126,14736,ALTOONA-BLAIR COUNTY ARPT,US,PA,KAOO,40.296,-78.32,451.1,19730101,20201227
19852,725127,4726,J MURTHA JTWN-CMBRA CO APT,US,PA,KJST,40.316,-78.834,696.2,19730101,20201227
19856,725130,14777,WILKES-BARRE/SCRANTON INTL AIRPORT,US,PA,KAVP,41.334,-75.727,283.5,19730101,20201227
19858,725140,14778,WILLIAMSPORT REGIONAL AIRPORT,US,PA,KIPT,41.243,-76.922,158.5,19730101,20201227
19865,725150,4725,GREATER BINGHAMTON/E A LINK FIELD AP,US,NY,KBGM,42.207,-75.98,486.2,19730101,20201227
19868,725156,14748,ELMIRA/CORNING RGNL ARPT,US,NY,KELM,42.159,-76.892,291.1,19730101,20201227
19875,725170,14737,LEHIGH VALLEY INTERNATIONAL AIRPORT,US,PA,KABE,40.65,-75.448,118.9,19730101,20201227
19880,725180,14735,ALBANY INTERNATIONAL AIRPORT,US,NY,KALB,42.747,-73.799,85.3,19460101,20201228
19883,725186,99999,OGDENSBURG INTL,US,NY,KOGS,44.682,-75.466,90.5,19770502,20201226
19887,725190,14771,SYRACUSE HANCOCK INTERNATIONAL AP,US,NY,KSYR,43.111,-76.104,125.9,19421001,20201228
19895,725200,94823,PITTSBURGH INTERNATIONAL AIRPORT,US,PA,KPIT,40.485,-80.214,366.7,19450201,20201227
19899,725205,14762,ALLEGHENY COUNTY AIRPORT,US,PA,KAGC,40.355,-79.922,380.4,19730101,20201227
19906,725210,14895,AKRON-CANTON REGIONAL AIRPORT,US,OH,KCAK,40.918,-81.444,369.7,19730101,20201227
19924,725240,14820,CLEVELAND-HOPKINS INTERNATIONAL AP,US,OH,KCLE,41.406,-81.852,238.1,19730101,20201227
19927,725244,99999,WILLOUGHBY LOST NATION MUNI,US,OH,KLNN,41.684,-81.39,190.8,19831103,20201226
19935,725250,14852,YOUNGSTOWN-WARREN REGIONAL AIRPORT,US,OH,KYNG,41.255,-80.674,355.7,19480101,20201227
19945,725260,14860,ERIE INTL/T. RIDGE FIELD AIRPORT,US,PA,KERI,42.08,-80.182,222.2,19730101,20201227
19948,725266,4751,BRADFORD REGIONAL AIRPORT,US,PA,KBFD,41.798,-78.636,652.9,19730101,20201228
19949,725267,94868,VENANGO REGIONAL AIRPORT,US,PA,KFKL,41.383,-79.867,469.4,19730101,20201227
19952,725280,14733,BUFFALO NIAGARA INTERNATIONAL AP,US,NY,KBUF,42.94,-78.736,218.2,19420201,20201228
19956,725287,4724,NIAGARA FALLS INTL AIRPORT,US,NY,KIAG,43.108,-78.938,178.3,19510612,20201227
19959,725290,14768,GREATER ROCHESTER INTERNATIONAL AP,US,NY,KROC,43.117,-77.675,164.3,19730101,20201227
19967,725300,94846,CHICAGO O'HARE INTERNATIONAL AIRPORT,US,IL,KORD,41.96,-87.932,201.8,19461001,20201227
19983,725320,14842,GREATER PEORIA REGIONAL AIRPORT,US,IL,KPIA,40.668,-89.684,198.1,19730101,20201227
19991,725330,14827,FORT WAYNE INTERNATIONAL AIRPORT,US,IN,KFWA,40.971,-85.206,241.1,19411101,20201227
20000,725340,14819,CHICAGO MIDWAY INTL ARPT,US,IL,KMDW,41.786,-87.752,186.5,19730101,20201227
20013,725350,14848,SOUTH BEND REGIONAL AIRPORT,US,IN,KSBN,41.707,-86.316,235.6,19730101,20201228
20016,725360,94830,TOLEDO EXPRESS AIRPORT,US,OH,KTOL,41.587,-83.806,205.4,19730101,20201227
20017,725366,14825,FINDLAY AIRPORT,US,OH,KFDY,41.014,-83.669,243.8,19730101,20201227
20018,725370,94847,DETROIT METRO WAYNE COUNTY AIRPORT,US,MI,KDTW,42.231,-83.331,192.3,19420801,20201227
20023,725375,14822,DETROIT CITY AIRPORT,US,MI,KDET,42.409,-83.01,190.8,19730101,20201227
20024,725376,14853,WILLOW RUN AIRPORT,US,MI,KYIP,42.233,-83.533,236.8,19730101,20201227
20026,725377,14804,SELFRIDGE AIR NATIONAL GUARD BASE,US,MI,KMTC,42.608,-82.818,176.8,19370101,20201227
20040,725390,14836,CAPITAL CITY AIRPORT,US,MI,KLAN,42.776,-84.6,261.8,19730101,20201227
20043,725395,14833,JAKSON CO-RYNOLDS FLD ARPT,US,MI,KJXN,42.267,-84.467,304.2,19730101,20201227
20044,725396,14815,W K KELLOGG AIRPORT,US,MI,KBTL,42.308,-85.251,282.9,19421001,20201227
20073,725430,94822,GREATER ROCKFORD AIRPORT,US,IL,KRFD,42.193,-89.093,222.5,19730101,20201227
20076,725440,14923,QUAD CITY INTERNATIONAL AIRPORT,US,IL,KMLI,41.465,-90.523,180.4,19730101,20201227
20077,725450,14990,THE EASTERN IOWA AIRPORT,US,IA,KCID,41.883,-91.717,264.6,19730101,20201227
20089,725460,14933,DES MOINES INTERNATIONAL AIRPORT,US,IA,KDSM,41.534,-93.653,291.7,19730101,20201227
20092,725462,14937,IOWA CITY MUNICIPAL ARPT,US,IA,KIOW,41.633,-91.543,198.1,19970101,20201227
20098,725465,14950,OTTUMWA INDUSTRIAL AIRPORT,US,IA,KOTM,41.108,-92.447,256.6,19730101,20201227
20107,725470,94908,DUBUQUE REGIONAL AIRPORT,US,IA,KDBQ,42.398,-90.704,321.9,19730101,20201227
20124,725480,94910,WATERLOO MUNICIPAL AIRPORT,US,IA,KALO,42.554,-92.401,264.6,19600301,20201227
20129,725485,14940,MASON CITY MUNICIPAL ARPT,US,IA,KMCW,43.154,-93.327,373.4,19730101,20201227
20154,725500,14942,EPPLEY AIRFIELD AIRPORT,US,NE,KOMA,41.31,-95.899,299.3,19740419,20201227
20155,725510,14939,LINCOLN MUNICIPAL AIRPORT,US,NE,KLNK,40.851,-96.748,362.7,19421001,20201227
20163,725520,14935,CENTRAL NEBRASKA REGIONAL AIRPORT,US,NE,KGRI,40.961,-98.314,560.8,19440301,20201228
20178,725540,14949,OFFUTT AFB AIRPORT,US,NE,KOFF,41.117,-95.917,319.1,19480112,20201227
20188,725560,14941,KARL STEFAN MEMORIAL AIRPORT,US,NE,KOFK,41.986,-97.435,472.7,19730101,20201227
20195,725570,14943,SIOUX GATEWAY/COL BUD DAY FIELD AP,US,IA,KSUX,42.391,-96.379,333.8,19421001,20201227
20197,725610,24030,SIDNEY MUNICIPAL AIRPORT,US,NE,KSNY,41.099,-102.986,1309.4,19770827,20201227
20199,725620,24023,NORTH PLATTE RGNL AP LEE BIRD FD AP,US,NE,KLBF,41.121,-100.669,846.7,19730101,20201227
20206,725626,24091,IMPERIAL MUNICIPAL AIRPORT,US,NE,KIML,40.51,-101.62,996.1,19730401,20201227
20215,725636,24017,CHADRON MUNICIPAL AIRPORT,US,NE,KCDR,42.837,-103.098,1004.0,19730101,20201228
20217,725637,99999,GORDON MUNI,US,NE,KGRN,42.806,-102.175,1085.7,19740101,20201226
20218,725640,24018,CHEYENNE AIRPORT,US,WY,KCYS,41.158,-104.807,1863.2,19480101,20201227
20221,725645,24022,LARAMIE REGIONAL AIRPORT,US,WY,KLAR,41.317,-105.683,2214.7,19730101,20201227
20226,725650,3017,DENVER INTERNATIONAL AIRPORT,US,CO,KDEN,39.833,-104.658,1650.2,19940718,20201227
20227,725660,24028,WESTERN NE REGIONAL/HEILIG FIELD AP,US,NE,KBFF,41.871,-103.593,1202.4,19430113,20201227
20230,725670,24032,MILLER FIELD AIRPORT,US,NE,KVTN,42.878,-100.55,789.4,19480101,20201227
20236,725690,24089,NATRONA COUNTY INTERNATIONAL AP,US,WY,KCPR,42.898,-106.474,1620.9,19400101,20201228
20251,725720,24127,SALT LAKE CITY INTERNATIONAL AIRPORT,US,UT,KSLC,40.778,-111.969,1287.8,19411101,20201227
20258,725744,24027,RCK SRINGS-SWETWTER CO APT,US,WY,KRKS,41.595,-109.053,2055.0,19900301,20201227
20260,725750,24126,OGDEN-HINCKLEY AIRPORT,US,UT,KOGD,41.196,-112.011,1362.5,19730101,20201227
20262,725753,99999,EAGLE RANGE,US,UT,KU16,41.05,-113.07,1292.0,19910711,20200826
20263,725755,24101,HILL AFB AIRPORT,US,UT,KHIF,41.117,-111.967,1459.7,19411001,20201227
20265,725760,24021,HUNT FIELD AIRPORT,US,WY,KLND,42.815,-108.726,1704.4,19730101,20201227
20272,725775,4111,EVAN-UINTA CO BURNS FLD AP,US,WY,KEVW,41.273,-111.031,2183.3,19730101,20201227
20276,725780,24156,POCATELLO REGIONAL AIRPORT,US,ID,KPIH,42.92,-112.571,1357.0,19430101,20201227
20279,725785,24145,IDAHO FALLS REGIONAL ARPT,US,ID,KIDA,43.519,-112.064,1442.6,19730101,20201228
20280,725786,24151,MALAD CITY AIRPORT,US,ID,KMLD,42.189,-112.249,1384.7,19730101,20201221
20287,725805,24172,DERBY FIELD AIRPORT,US,NV,KLOL,40.068,-118.569,1189.3,19770101,20201227
20288,725810,24193,WENDOVER AIRPORT,US,UT,KENV,40.721,-114.036,1291.4,19420801,20201227
20296,725825,24121,ELKO REGIONAL AIRPORT,US,NV,KEKO,40.829,-115.789,1533.1,19770101,20201227
20300,725830,24128,WINNEMUCCA MUNICIPAL AIRPORT,US,NV,KWMC,40.902,-117.808,1309.4,19730101,20201227
20301,725835,24119,BATTLE MOUNTAIN AIRPORT,US,NV,KBAM,40.612,-116.892,1373.1,19730101,20201224
20303,725837,99999,SUSANVILLE MUNI,US,CA,KSVE,40.376,-120.573,1264.6,19770301,20201226
20306,725845,23225,BLUE CANYON - NYACK ARPT,US,CA,KBLU,39.277,-120.71,1608.1,19730101,20201227
20320,725867,24133,BURLEY MUNICIPAL AIRPORT,US,ID,KBYI,42.542,-113.766,1266.1,19730101,20201227
20330,725895,94236,KLAMATH FALLS AIRPORT,US,OR,KLMT,42.147,-121.724,1244.8,19590901,20201227
20334,725905,23275,UKIAH MUNICIPAL AIRPORT,US,CA,KUKI,39.126,-123.201,183.2,19730101,20201227
20336,725910,24216,RED BLUFF MUNICIPAL ARPT,US,CA,KRBL,40.152,-122.254,107.6,19730101,20201227
20338,725920,24257,REDDING MUNICIPAL AIRPORT,US,CA,KRDD,40.518,-122.299,151.5,19910331,20201227
20343,725945,24283,ARCATA AIRPORT,US,CA,KACV,40.978,-124.109,61.0,19730101,20201227
20344,725946,24286,JACK MCNAMARA FIELD ARPT,US,CA,KCEC,41.78,-124.237,17.4,19730101,20201227
20351,725955,24259,SISKIYOU COUNTY AIRPORT,US,CA,KSIY,41.781,-122.468,808.0,19500101,20201227
20355,725957,24215,MOUNT SHASTA,US,CA,KMHS,41.333,-122.333,1077.5,19770101,20201227
20360,725970,24225,ROGUE VALLEY INTL-MEDFORD AIRPORT,US,OR,KMFR,42.375,-122.877,400.2,19730101,20201228
20361,725975,24235,SEXTON SUMMIT,US,OR,KSXT,42.6,-123.364,1168.0,19730101,20201227
20366,725985,24267,BROOKINGS,US,OR,KBOK,42.074,-124.29,139.9,19770225,20201227
20380,726050,14745,CONCORD MUNICIPAL AIRPORT,US,NH,KCON,43.205,-71.503,104.6,19730101,20201227
20388,726060,14764,PORTLAND INTERNATIONAL JETPORT AP,US,ME,KPWM,43.642,-70.304,13.7,19730101,20201227
20425,726116,94765,LEBANON MUNICIPAL AIRPORT,US,NH,KLEB,43.626,-72.305,182.3,19930101,20201227
20432,726140,54742,ST. JOHNSBURY(AMOS),US,VT,K1V4,44.42,-72.019,212.4,19730101,20201227
20433,726145,94705,EDWARD F KNAPP STATE ARPT,US,VT,KMPV,44.204,-72.562,343.2,19730101,20201228
20449,726170,14742,BURLINGTON INTERNATIONAL AIRPORT,US,VT,KBTV,44.468,-73.15,100.6,19480101,20201227
20455,726185,14605,AUGUSTA STATE AIRPORT,US,ME,KAUG,44.316,-69.797,107.0,19730101,20201227
20463,726196,14610,MILLINOCKET MUNICIPAL ARPT,US,ME,KMLT,45.648,-68.693,123.8,19430301,20201227
20468,726223,94725,MASSENA INTL/RCHARDS FD AP,US,NY,KMSS,44.936,-74.846,65.2,19900301,20201227
20472,726227,94790,WATERTOWN INTL AIRPORT,US,NY,KART,43.989,-76.026,96.9,19490501,20201227
20501,726350,94860,GERALD R FORD INTERNATIONAL AIRPORT,US,MI,KGRR,42.883,-85.524,244.8,19730101,20201227
20509,726360,14840,MUSKEGON COUNTY AIRPORT,US,MI,KMKG,43.171,-86.237,190.5,19730101,20201227
20515,726370,14826,BISHOP INTERNATIONAL AIRPORT,US,MI,KFNT,42.967,-83.749,234.7,19730101,20201227
20521,726379,14845,MBS INTERNATIONAL AIRPORT,US,MI,KMBS,43.533,-84.08,201.2,19730101,20201227
20522,726380,94814,ROSCOMMON COUNTY AIRPORT,US,MI,KHTL,44.359,-84.674,350.8,19730101,20201227
20524,726384,14817,WEXFORD COUNTY AIRPORT,US,MI,KCAD,44.283,-85.417,397.8,19900724,20201227
20529,726387,14850,CHERRY CAPITAL AIRPORT,US,MI,KTVC,44.741,-85.583,188.4,19730101,20201227
20532,726390,94849,ALPENA COUNTY REGIONAL AIRPORT,US,MI,KAPN,45.072,-83.564,208.5,19730101,20201227
20540,726395,14808,OSCODA-WURTSMITH AIRPORT,US,MI,KOSC,44.45,-83.4,192.9,19430701,20201227
20547,726400,14839,GENERAL MITCHELL INTERNATIONAL AP,US,WI,KMKE,42.955,-87.905,203.3,19480101,20201227
20551,726405,94869,LAWRENCE J TIMMERMAN AIRPORT,US,WI,KMWC,43.109,-88.031,223.7,19730101,20201227
20558,726410,14837,DANE CO REGIONAL-TRUAX FIELD AIRPORT,US,WI,KMSN,43.141,-89.345,264.0,19480101,20201227
20565,726416,14921,TRI-COUNTY REGIONAL ARPT,US,WI,KLNR,43.212,-90.181,218.5,19730101,20201227
20581,726430,14920,LA CROSSE MUNICIPAL AIRPORT,US,WI,KLSE,43.879,-91.253,198.7,19480101,20201227
20582,726435,14991,CHIPPEWA VALLEY RGNL ARPT,US,WI,KEAU,44.867,-91.488,269.8,19730101,20201227
20583,726436,94930,VOLK FIELD AIRPORT,US,WI,KVOK,43.933,-90.267,278.0,19611001,20201227
20589,726440,14925,ROCHESTER INTERNATIONAL AIRPORT,US,MN,KRST,43.904,-92.492,397.5,19730101,20201227
20594,726450,14898,AUSTIN STRAUBEL INTERNATIONAL AP,US,WI,KGRB,44.479,-88.137,209.4,19500101,20201227
20609,726463,14897,WAUSAU DOWNTOWN AIRPORT,US,WI,KAUW,44.929,-89.628,365.8,19900314,20201227
20640,726506,4840,FOND DU LAC COUNTY AIRPORT,US,WI,KFLD,43.769,-88.491,246.0,19990101,20201227
20648,726510,14944,JOE FOSS FIELD AIRPORT,US,SD,KFSD,43.578,-96.754,435.3,19421001,20201227
20654,726516,24024,PHILIP AIRPORT,US,SD,KPHP,44.051,-101.601,672.4,19980702,20201228
20669,726540,14936,HURON REGIONAL AIRPORT,US,SD,KHON,44.398,-98.223,390.1,19730101,20201228
20675,726546,14946,WATERTOWN MUNICIPAL ARPT,US,SD,KATY,44.905,-97.149,532.8,19480101,20201227
20682,726550,14926,ST CLOUD REGIONAL AIRPORT,US,MN,KSTC,45.543,-94.051,310.3,19730101,20201228
20691,726557,14910,CHANDLER FIELD AIRPORT,US,MN,KAXN,45.868,-95.394,431.6,19730101,20201228
20731,726580,14922,MINNEAPOLIS-ST PAUL INTERNATIONAL AP,US,MN,KMSP,44.883,-93.229,265.8,19450101,20201227
20734,726584,14927,ST PAUL DWTWN HOLMAN FD AP,US,MN,KSTP,44.932,-93.056,213.4,19831103,20201227
20746,726590,14929,ABERDEEN REGIONAL AIRPORT,US,SD,KABR,45.443,-98.413,395.3,19730101,20201227
20757,726620,24090,RAPID CITY REGIONAL AIRPORT,US,SD,KRAP,44.046,-103.054,963.2,19730101,20201227
20758,726625,24006,ELLSWORTH AIR FORCE BASE,US,SD,KRCA,44.15,-103.1,999.1,19390201,20201228
20762,726627,94037,BUFFALO,US,SD,K2WX,45.604,-103.546,915.6,19990101,20201227
20772,726660,24029,SHERIDAN COUNTY AIRPORT,US,WY,KSHR,44.769,-106.969,1202.4,19730101,20201227
20774,726664,94173,YELLOWSTONE,US,WY,KP60,44.544,-110.421,2388.1,19790322,20201227
20802,726710,24164,BIG PINEY-MARBLETON ARPT,US,WY,KBPI,42.584,-110.108,2124.5,19990101,20201227
20814,726770,24033,BILLINGS LOGAN INTERNATIONAL AIRPORT,US,MT,KBIL,45.807,-108.542,1091.5,19350501,20201227
20817,726776,24036,LEWISTOWN MUNICIPAL ARPT,US,MT,KLWT,47.049,-109.458,1263.4,19420401,20201227
20825,726797,24132,GALLATIN FIELD AIRPORT,US,MT,KBZN,45.788,-111.161,1349.4,19730101,20201227
20826,726798,24150,MISSION FIELD AIRPORT,US,MT,KLVM,45.698,-110.441,1415.2,19730101,20201228
20829,726810,24131,BOISE AIR TERMINAL/GOWEN FD AIRPORT,US,ID,KBOI,43.567,-116.241,857.7,19310101,20201228
20832,726815,24106,MOUNTAIN HOME AFB AIRPORT,US,ID,KMUO,43.05,-115.867,913.2,19320101,20201227
20836,726817,24154,MULLAN PASS,US,ID,KMLP,47.457,-115.645,1837.3,19960702,20201228
20838,726818,94194,REXBURG-MADISON COUNTY APT,US,ID,KRXE,43.832,-111.808,1481.9,19990102,20201228
20839,726824,4112,STANLEY RANGER STATION,US,ID,KSNT,44.171,-114.927,1979.7,19990102,20201227
20840,726830,94185,BURNS MUNICIPAL AIRPORT,US,OR,KBNO,43.595,-118.956,1261.9,19730101,20201227
20846,726837,24162,ONTARIO MUNICIPAL AIRPORT,US,OR,KONO,44.021,-117.013,668.4,19730101,20201228
20861,726875,94107,ROME STATE AIRPORT,US,OR,KREO,42.591,-117.864,1234.4,19980302,20201227
20865,726880,24155,EASTERN OR REGIONAL AT PENDLETON AP,US,OR,KPDT,45.698,-118.855,452.9,19420101,20201227
20870,726884,24148,LA GRANDE/UNION COUNTY APT,US,OR,KLGD,45.283,-118.0,826.9,19880506,20201227
20872,726885,24152,MEACHAM,US,OR,KMEH,45.511,-118.425,1134.8,19730101,20201227
20873,726886,24130,BAKER CITY MUNICIPAL ARPT,US,OR,KBKE,44.843,-117.809,1024.4,19730101,20201227
20874,726887,99999,SUNRIVER,US,OR,KS21,43.876,-121.453,1269.2,19800514,20201226
20876,726904,24231,ROSEBURG REGIONAL AIRPORT,US,OR,KRBG,43.239,-123.355,160.0,19800514,20201227
20882,726917,24284,NORTH BEND MUNICIPAL ARPT,US,OR,KOTH,43.413,-124.244,5.2,19770101,20201227
20885,726930,24221,MAHLON SWEET FIELD AIRPORT,US,OR,KEUG,44.128,-123.221,107.6,19730101,20201227
20886,726940,24232,MCNARY FIELD AIRPORT,US,OR,KSLE,44.905,-123.001,62.5,19730101,20201227
20901,726980,24229,PORTLAND INTERNATIONAL AIRPORT,US,OR,KPDX,45.596,-122.609,5.8,19360501,20201228
20908,726988,24219,MUNICIPAL AIRPORT,US,WA,KDLS,45.619,-121.166,71.6,19730101,20201227
20925,727120,14607,CARIBOU MUNICIPAL AIRPORT,US,ME,KCAR,46.871,-68.017,190.2,19730101,20201227
20927,727130,14604,NERN MAINE RGNL ARPT AT PRESQUE IS AIRPORT,US,ME,KPQI,46.683,-68.05,162.8,19411101,20201228
20948,727340,14847,SAULT STE MARIE MUNI/SASN FIELD AP,US,MI,KANJ,46.479,-84.357,220.1,19730101,20201227
20954,727347,14841,PELLSTON REGIONAL ARPT OF EMMET COUNTY ARPT,US,MI,KPLN,45.564,-84.793,214.9,19730101,20201227
20970,727430,94850,MARQUETTE MICHIGAN COUNTY AP (WFO),US,MI,KMQT,46.531,-87.549,431.3,19730101,20201226
20983,727440,14858,HOUGHTON COUNTY MEMO ARPT,US,MI,KCMX,47.169,-88.489,333.8,19730101,20201227
20993,727450,14913,DULUTH INTERNATIONAL AIRPORT,US,MN,KDLH,46.837,-92.183,436.8,19480101,20201227
20996,727453,94967,PK RPDS MUNI-KONSHOK FD AP,US,MN,KPKD,46.901,-95.068,437.1,19900111,20201227
20999,727455,94931,CHISHOLM-HIBBING AIRPORT,US,MN,KHIB,47.386,-92.839,412.1,19730101,20201227
21016,727470,14918,FALLS INTERNATIONAL AIRPORT,US,MN,KINL,48.561,-93.398,360.6,19730101,20201227
21023,727476,94961,BAUDETTE INTERNATIONAL APT,US,MN,KBDE,48.717,-94.6,329.8,19831104,20201227
21055,727530,14914,HECTOR INTERNATIONAL AIRPORT,US,ND,KFAR,46.925,-96.811,274.3,19480101,20201228
21059,727535,14919,JAMESTOWN REGIONAL AIRPORT,US,ND,KJMS,46.926,-98.669,455.4,19730101,20201227
21076,727575,94925,GRAND FORKS AFB AIRPORT,US,ND,KRDR,47.967,-97.4,278.3,19590303,20201227
21084,727640,24011,BISMARCK MUNICIPAL AIRPORT,US,ND,KBIS,46.783,-100.757,503.2,19360701,20201227
21087,727670,94014,SLOULIN FIELD INTERNATIONAL AIRPORT,US,ND,KISN,48.174,-103.637,579.7,19730101,20200107
21088,727675,94011,MINOT AFB AIRPORT,US,ND,KMIB,48.417,-101.35,508.1,19591001,20201228
21090,727676,24013,MINOT INTERNATIONAL ARPT,US,ND,KMOT,48.255,-101.273,507.5,19730101,20201228
21093,727680,94008,WOKAL FIELD/GLASGOW INTL AIRPORT,US,MT,KGGW,48.214,-106.621,696.5,19421210,20201227
21103,727720,24144,HELENA REGIONAL AIRPORT,US,MT,KHLN,46.606,-111.964,1166.8,19730101,20201227
21105,727730,24153,MISSOULA INTERNATIONAL AIRPORT,US,MT,KMSO,46.921,-114.093,972.9,19730101,20201227
21109,727750,24143,GREAT FALLS INTERNATIONAL AIRPORT,US,MT,KGTF,47.473,-111.382,1116.8,19730101,20201228
21110,727755,24112,MALMSTROM AFHP HELIPORT,US,MT,KGFA,47.517,-111.183,1058.3,19421201,20201227
21112,727760,99999,GREAT FALLS,US,MT,,47.45,-111.383,1130.5,19940921,20201226
21113,727770,94012,HAVRE CITY-COUNTY AIRPORT,US,MT,KHVR,48.543,-109.763,787.9,19730101,20201228
21114,727790,24146,GLACIER PARK INTERNATIONAL AIRPORT,US,MT,KGPI,48.304,-114.264,901.3,19730101,20201228
21117,727810,24243,YAKIMA AIR TERMINAL/MCALSR FIELD AP,US,WA,KYKM,46.568,-120.543,324.3,19730101,20201228
21119,727815,24237,STAMPASS PASS FLTWO,US,WA,KSMP,47.277,-121.337,1206.7,19730101,20201227
21123,727827,24110,GRANT COUNTY INTL AIRPORT,US,WA,KMWH,47.208,-119.319,364.5,19430610,20201228
21125,727830,24149,LEWISTON-NEZ PERCE COUNTY AIRPORT,US,ID,KLWS,46.375,-117.016,437.7,19730101,20201228
21133,727845,24163,TRI-CITIES AIRPORT,US,WA,KPSC,46.267,-119.117,124.1,19730101,20201227
21135,727846,24160,WALLA WALLA REGIONAL ARPT,US,WA,KALW,46.095,-118.287,355.4,19410901,20201227
21136,727850,24157,SPOKANE INTERNATIONAL AIRPORT,US,WA,KGEG,47.622,-117.528,717.2,19410811,20201228
21139,727855,24114,FAIRCHILD AIR FORCE BASE,US,WA,KSKA,47.633,-117.65,750.1,19400401,20201228
21150,727873,99999,COLVILLE MUNICIPAL ARPT,US,WA,K63S,48.544,-117.884,575.0,19890908,20201226
21151,727883,24220,BOWERS FIELD AIRPORT,US,WA,KELN,47.034,-120.53,538.3,19880106,20201228
21153,727884,99999,RICHLAND AIRPORT,US,WA,KRLD,46.306,-119.304,120.1,19810203,20201226
21159,727910,94224,ASTORIA REGIONAL AIRPORT,US,OR,KAST,46.157,-123.883,2.7,19730101,20201227
21165,727920,24227,OLYMPIA AIRPORT,US,WA,KOLM,46.973,-122.903,57.3,19730101,20201227
21166,727923,94225,BOWERMAN AIRPORT,US,WA,KHQM,46.973,-123.93,3.7,19910108,20201227
21167,727924,24223,KELSO-LONGVIEW AIRPORT,US,WA,KKLS,46.117,-122.894,6.1,19900208,20201227
21169,727925,94227,SANDERSON FIELD AIRPORT,US,WA,KSHN,47.238,-123.141,82.6,19990101,20201228
21177,727930,24233,SEATTLE-TACOMA INTERNATIONAL AIRPORT,US,WA,KSEA,47.444,-122.314,112.8,19480101,20201227
21181,727935,24234,BOEING FLD/KING CO INTL AP,US,WA,KBFI,47.53,-122.301,5.5,19431001,20201228
21192,727970,94240,QUILLAYUTE AIRPORT,US,WA,KUIL,47.938,-124.555,56.4,19730101,20201227
21196,727976,24217,BELLINGHAM INTL AIRPORT,US,WA,KBLI,48.794,-122.537,45.4,19480101,20201227
21506,742060,24207,MCCHORD AFB AIRPORT,US,WA,KTCM,47.15,-122.483,98.2,19400722,20201227
21519,742300,24037,FRANK WILEY FIELD AIRPORT,US,MT,KMLS,46.427,-105.883,799.8,19830531,20201227
21535,743945,14710,MANCHESTER AIRPORT,US,NH,KMHT,42.93,-71.436,67.4,19730101,20201227
21551,744550,94982,DAVENPORT MUNICIPAL AIRPT,US,IA,KDVN,41.614,-90.591,228.6,19960702,20201227
21586,744860,94789,JOHN F KENNEDY INTERNATIONAL AIRPORT,US,NY,KJFK,40.639,-73.764,3.4,19730101,20201227
21589,744865,14719,FRANCIS S GABRESKI AP,US,NY,KFOK,40.844,-72.632,20.4,19430718,20201227
21597,744910,14703,WESTOVER AFB/METROPOLITAN AIRPORT,US,MA,KCEF,42.2,-72.533,73.5,19410401,20201227
21599,744915,14775,BARNES MUNICIPAL AIRPORT,US,MA,KBAF,42.158,-72.716,82.6,19730105,20201227
21606,744989,14747,CHAUTAUQUA CO/DUNKIRK ARPT,US,NY,KDKK,42.493,-79.272,203.0,19970102,20201227
21608,744994,4741,SCHENECTADY COUNTY AIRPORT,US,NY,KSCH,42.85,-73.95,115.2,19810421,20201227
21628,745090,23244,MOFFETT FEDERAL AIRFIELD,US,CA,KNUQ,37.406,-122.048,11.9,19730101,20201115
21633,745160,23202,TRAVIS AIR FORCE BASE,US,CA,KSUU,38.267,-121.933,18.9,19430811,20201227
21638,745310,93065,USAF ACADEMY AIRSTRIP AIRPORT,US,CO,KAFF,38.967,-104.817,2003.2,19671127,20201227
21644,745700,13840,WRIGHT-PATTERSON AFB AIRPORT,US,OH,KFFO,39.833,-84.05,250.9,19360501,20201227
21647,745940,13705,ANDREWS AIR FORCE BASE AIRPORT,US,MD,KADW,38.817,-76.867,86.0,19430619,20201227
21649,745944,93784,BALTIMORE DOWNTOWN,US,MD,KDMH,39.281,-76.611,6.1,19990102,20200701
21658,745980,13702,LANGLEY AFB AIRPORT,US,VA,KLFI,37.083,-76.36,3.1,19361001,20201227
21666,746120,93104,CHINA LAKE,US,CA,KNID,35.688,-117.693,679.7,19730101,20201227
21680,746710,13806,CAMPBELL AAF AIRPORT,US,KY,KHOP,36.667,-87.483,174.7,19430715,20201227
21683,746716,93808,BOW GRN-WARREN CO. RGNL AP,US,KY,KBWG,36.965,-86.424,160.9,19730101,20201227
21689,746930,93737,SIMMONS AAF AIRPORT,US,NC,KFBG,35.133,-78.933,74.4,19610701,20201227
21707,747020,23110,NAVAL AIR STATION,US,CA,KNLC,36.333,-119.95,70.7,19610701,20201227
21717,747187,3104,DESERT RESORTS RGNL ARPT,US,CA,KTRM,33.627,-116.159,-36.0,19430712,20201226
21718,747188,23158,BLYTHE AIRPORT,US,CA,KBLH,33.619,-114.714,120.4,19420613,20201226
21735,747400,13973,KIMBLE COUNTY AIRPORT,US,TX,KJCT,30.511,-99.766,533.1,19770827,20201227
21749,747686,13820,KEESLER AIR FORCE BASE,US,MS,KBIX,30.417,-88.917,10.1,19420509,20201227
21753,747750,13846,TYNDALL AFB AIRPORT,US,FL,KPAM,30.067,-85.583,5.2,19420319,20201227
21756,747760,3818,MARIANNA MUNICIPAL AIRPORT,US,FL,KMAI,30.836,-85.184,34.4,19970602,20201227
21759,747770,3852,HURLBURT FIELD AIRPORT,US,FL,KHRT,30.417,-86.683,11.6,19550705,20201227
21781,747880,12810,MAC DILL AFB AIRPORT,US,FL,KMCF,27.85,-82.517,4.3,19410501,20201227
21783,747900,13849,SHAW AIR FORCE BASE,US,SC,KSSC,33.967,-80.467,73.5,19411222,20201227
21785,747910,13717,MYRTLE BEACH INTL AIRPORT,US,SC,KMYR,33.683,-78.933,7.6,19421101,20201227
21787,747915,93718,GRAND STRAND AIRPORT,US,SC,KCRE,33.816,-78.72,9.8,19730101,20201227
21797,747940,12868,COCOA BEACH CAPE KENNEDY AFS,US,FL,KXMR,28.483,-80.567,3.1,19500801,20201227
21802,747950,12867,PATRICK AFB AIRPORT,US,FL,KCOF,28.233,-80.6,2.4,19450301,20201227
21853,749045,99999,SEBRING RGNL,US,FL,KSEF,27.456,-81.342,19.2,19420401,20201226
21973,749173,99999,COOLIDGE MUNI,US,AZ,KP08,32.936,-111.427,479.8,19440711,20201226
22719,785350,11630,NAVAL STATION ROOSEVELT ROADS CEIBA,US,PR,TJNR,18.255,-65.641,10.1,19730101,20201227
22723,785430,11640,CYRIL E KING AIRPORT,US,VI,TIST,18.336,-64.98,6.1,19730101,20201227
24874,911620,22501,BARKING SANDS PACIFIC MISSILE RANGE FAC ARPT,US,HI,PHBK,22.033,-159.783,7.0,19420422,20201227
24878,911650,22536,LIHUE AIRPORT,US,HI,PHLI,21.984,-159.341,30.5,19730101,20201227
24885,911700,22508,WHEELER ARMY AIRFIELD,US,HI,PHHI,21.487,-158.028,257.9,19390601,20201224
24888,911760,22519,KANEOHE MCAS,US,HI,PHNG,21.45,-157.768,7.3,19730101,20201227
24895,911820,22521,HONOLULU INTERNATIONAL AIRPORT,US,HI,PHNL,21.324,-157.929,2.1,19390601,20201227
24901,911900,22516,KAHULUI AIRPORT,US,HI,PHOG,20.9,-156.429,15.5,19730101,20201227
24907,911907,99999,HANA,US,HI,PHHN,20.796,-156.014,23.8,19980201,20201226
24955,912850,21504,HILO INTERNATIONAL AIRPORT,US,HI,PHTO,19.719,-155.053,11.6,19730101,20201227
27210,994060,99999,MT DESERT ROCK  ME,US,ME,,43.97,-68.13,9.1,19850121,20201226
27217,994070,99999,DESTRUCTION IS.  WA,US,WA,,47.68,-124.49,21.3,19850501,20201226
27225,994090,99999,PASSAGE ISLAND  MI,US,MI,,48.22,-88.37,195.4,19850528,20201226
27229,994130,99999,ROCK OF AGES  MI,US,MI,,47.87,-89.31,183.5,19850402,20201226
27230,994140,99999,BUZZARDS BAY  MA,US,MA,,41.4,-71.03,0.0,19850712,20201226
27232,994160,99999,CAPE LOOKOUT  NC,US,NC,,34.62,-76.52,4.6,19850120,20201226
27235,994190,99999,DEVILS ISLAND  WI,US,WI,,47.08,-90.73,191.7,19850501,20201226
27236,994200,99999,STANNARD ROCK  MI,US,MI,,47.18,-87.22,182.9,19850501,20201226
27238,994220,99999,VENICE  FL,US,FL,,27.07,-82.45,0.0,19850622,20201226
27243,994270,99999,ISLE OF SHOALS  NH,US,NH,,42.97,-70.62,13.1,19850501,20201226
27250,994340,99999,SOUTH BASS ISLAND  OH,US,OH,,41.63,-82.84,176.8,19850501,20201226
27261,994450,99999,SOMBRERO KEY  FL,US,FL,,24.63,-81.11,0.0,19880929,20200820
28406,999999,12884,BOOTHVILLE,US,LA,,29.333,-89.408,0.9,19650201,20200618
28422,999999,12946,CORPUS CHRISTI CABANISS NAAS,US,TX,KNGW,27.7,-97.433,9.1,19490201,20201226
28446,999999,13724,ATLANTIC CITY MARINA,US,NJ,,39.378,-74.424,3.1,19480101,20201226
28473,999999,13752,U.S. NAVAL ACADEMY,US,MD,,38.991,-76.489,1.8,19450301,20201227
28798,999999,23122,NORTON AAF,US,CA,KSBD,34.1,-117.25,335.0,19710101,20201227
28858,999999,23271,DOWNTOWN,US,CA,,38.555,-121.418,11.6,19960702,20201226
28859,999999,23272,DOWNTOWN,US,CA,,37.771,-122.427,45.7,19450101,20201226
29375,999999,93804,SPARTANBURG,US,SC,SPA,34.917,-81.95,244.1,19480101,20201227
29383,999999,93816,EFFINGHAM COUNTY MEMORIAL ARPT,US,IL,,39.07,-88.533,178.9,19481201,20201227
29470,999999,94290,WSFO SEATTLE SAND POINT,US,WA,KSEW,47.687,-122.255,18.3,19990802,20201226
